[
    {
      "firstname": "Marlyn",
      "lastname": "Lumsdon",
      "username": "mlumsdon0",
      "email": "mlumsdon0@360.cn",
      "avatar": "http://dummyimage.com/230x100.png/ff4444/ffffff",
      "dateOfBirth": "1998-03-14",
      "gender": "Female",
      "description": "Sprain of radiocarpal joint of right wrist, initial encounter",
      "password": "eU8<cN.M"
    },
    {
      "firstname": "Sterne",
      "lastname": "Moulin",
      "username": "smoulin1",
      "email": "smoulin1@artisteer.com",
      "avatar": "http://dummyimage.com/131x100.png/cc0000/ffffff",
      "dateOfBirth": "1993-05-28",
      "gender": "Male",
      "description": "Stress fracture, unspecified hand, sequela",
      "password": "lN3,AGfV"
    },
    {
      "firstname": "Dorothee",
      "lastname": "Whitmore",
      "username": "dwhitmore2",
      "email": "dwhitmore2@theatlantic.com",
      "avatar": "http://dummyimage.com/177x100.png/cc0000/ffffff",
      "dateOfBirth": "1995-03-30",
      "gender": "Female",
      "description": "Brown-Sequard syndrome at C6 level of cervical spinal cord, initial encounter",
      "password": "vT9,HCS7y"
    },
    {
      "firstname": "Stephenie",
      "lastname": "Hanne",
      "username": "shanne3",
      "email": "shanne3@boston.com",
      "avatar": "http://dummyimage.com/144x100.png/5fa2dd/ffffff",
      "dateOfBirth": "1994-01-27",
      "gender": "Female",
      "description": "Iron deficiency anemia secondary to blood loss (chronic)",
      "password": "oC6?\\fQ4FL)GP"
    },
    {
      "firstname": "Rolfe",
      "lastname": "Balwin",
      "username": "rbalwin4",
      "email": "rbalwin4@miibeian.gov.cn",
      "avatar": "http://dummyimage.com/187x100.png/dddddd/000000",
      "dateOfBirth": "2000-06-21",
      "gender": "Genderfluid",
      "description": "Unspecified fracture of lower end of unspecified femur, initial encounter for closed fracture",
      "password": "jX6~_vRsYSj"
    },
    {
      "firstname": "Cari",
      "lastname": "Markus",
      "username": "cmarkus5",
      "email": "cmarkus5@cdbaby.com",
      "avatar": "http://dummyimage.com/180x100.png/dddddd/000000",
      "dateOfBirth": "1992-04-23",
      "gender": "Female",
      "description": "Pathological fracture, unspecified site, initial encounter for fracture",
      "password": "uO6/a+.N9%jxeE)Y"
    },
    {
      "firstname": "Darrell",
      "lastname": "Jerson",
      "username": "djerson6",
      "email": "djerson6@google.cn",
      "avatar": "http://dummyimage.com/178x100.png/5fa2dd/ffffff",
      "dateOfBirth": "1994-04-11",
      "gender": "Male",
      "description": "Unspecified injury of other muscles, fascia and tendons at shoulder and upper arm level, right arm, sequela",
      "password": "gL3'|\"+6Zw"
    },
    {
      "firstname": "Terencio",
      "lastname": "Cheston",
      "username": "tcheston7",
      "email": "tcheston7@army.mil",
      "avatar": "http://dummyimage.com/192x100.png/dddddd/000000",
      "dateOfBirth": "2001-02-11",
      "gender": "Male",
      "description": "Post-traumatic osteoarthritis, elbow",
      "password": "tV9!C${Xpjz"
    },
    {
      "firstname": "Viviyan",
      "lastname": "Coxhead",
      "username": "vcoxhead8",
      "email": "vcoxhead8@google.com.br",
      "avatar": "http://dummyimage.com/171x100.png/cc0000/ffffff",
      "dateOfBirth": "1995-12-29",
      "gender": "Female",
      "description": "Nondisplaced comminuted fracture of shaft of left fibula, subsequent encounter for closed fracture with nonunion",
      "password": "wC9,LKwMV+iPu"
    },
    {
      "firstname": "Kaine",
      "lastname": "Ellicock",
      "username": "kellicock9",
      "email": "kellicock9@cbc.ca",
      "avatar": "http://dummyimage.com/148x100.png/5fa2dd/ffffff",
      "dateOfBirth": "1999-01-20",
      "gender": "Male",
      "description": "Triplet liveborn infant, delivered by cesarean",
      "password": "sJ0%ET%v"
    },
    {
      "firstname": "Matti",
      "lastname": "Autry",
      "username": "mautrya",
      "email": "mautrya@mozilla.com",
      "avatar": "http://dummyimage.com/148x100.png/ff4444/ffffff",
      "dateOfBirth": "1996-09-28",
      "gender": "Female",
      "description": "Major osseous defect, right pelvic region and thigh",
      "password": "lG9!Ak_#MMM1a!~#"
    },
    {
      "firstname": "Beau",
      "lastname": "Fairpo",
      "username": "bfairpob",
      "email": "bfairpob@chronoengine.com",
      "avatar": "http://dummyimage.com/132x100.png/cc0000/ffffff",
      "dateOfBirth": "1995-07-07",
      "gender": "Male",
      "description": "Infection following immunization, initial encounter",
      "password": "tP9&!/S<Y"
    },
    {
      "firstname": "Gilles",
      "lastname": "MacShirrie",
      "username": "gmacshirriec",
      "email": "gmacshirriec@smugmug.com",
      "avatar": "http://dummyimage.com/112x100.png/ff4444/ffffff",
      "dateOfBirth": "1998-05-01",
      "gender": "Male",
      "description": "Drowning and submersion due to canoe or kayak overturning, sequela",
      "password": "yQ2,t6iYq="
    },
    {
      "firstname": "Miltie",
      "lastname": "Bordes",
      "username": "mbordesd",
      "email": "mbordesd@sun.com",
      "avatar": "http://dummyimage.com/183x100.png/5fa2dd/ffffff",
      "dateOfBirth": "1991-10-18",
      "gender": "Male",
      "description": "Nondisplaced fracture of proximal phalanx of left little finger, initial encounter for open fracture",
      "password": "zN7=,5,/W88EAu"
    },
    {
      "firstname": "Dorree",
      "lastname": "Duligall",
      "username": "dduligalle",
      "email": "dduligalle@cyberchimps.com",
      "avatar": "http://dummyimage.com/119x100.png/cc0000/ffffff",
      "dateOfBirth": "1993-09-15",
      "gender": "Female",
      "description": "Salter-Harris Type II physeal fracture of phalanx of unspecified toe, initial encounter for closed fracture",
      "password": "nV4!Q$n*#m'\\)3"
    },
    {
      "firstname": "Lainey",
      "lastname": "Gillice",
      "username": "lgillicef",
      "email": "lgillicef@bing.com",
      "avatar": "http://dummyimage.com/123x100.png/5fa2dd/ffffff",
      "dateOfBirth": "1996-10-05",
      "gender": "Female",
      "description": "Laceration of unspecified blood vessel at wrist and hand level of unspecified arm, initial encounter",
      "password": "xT6<Aq*ali`Tg\\~e"
    },
    {
      "firstname": "Toby",
      "lastname": "Abrahmson",
      "username": "tabrahmsong",
      "email": "tabrahmsong@deliciousdays.com",
      "avatar": "http://dummyimage.com/160x100.png/cc0000/ffffff",
      "dateOfBirth": "2000-12-05",
      "gender": "Female",
      "description": "Displaced comminuted fracture of shaft of humerus, unspecified arm, initial encounter for closed fracture",
      "password": "rR4*N4_yE,Yj#$"
    },
    {
      "firstname": "Shaine",
      "lastname": "Celloni",
      "username": "scellonih",
      "email": "scellonih@blogs.com",
      "avatar": "http://dummyimage.com/103x100.png/cc0000/ffffff",
      "dateOfBirth": "1992-07-15",
      "gender": "Male",
      "description": "Unspecified occupant of pick-up truck or van injured in collision with car, pick-up truck or van in traffic accident, sequela",
      "password": "tT3*!rFan"
    },
    {
      "firstname": "Debi",
      "lastname": "Kubas",
      "username": "dkubasi",
      "email": "dkubasi@engadget.com",
      "avatar": "http://dummyimage.com/176x100.png/cc0000/ffffff",
      "dateOfBirth": "1996-03-27",
      "gender": "Female",
      "description": "Drowning and submersion due to being thrown overboard by motion of fishing boat, initial encounter",
      "password": "hN0?)m{kp}6"
    },
    {
      "firstname": "Nicolais",
      "lastname": "Dionisetto",
      "username": "ndionisettoj",
      "email": "ndionisettoj@wired.com",
      "avatar": "http://dummyimage.com/218x100.png/ff4444/ffffff",
      "dateOfBirth": "2002-02-09",
      "gender": "Male",
      "description": "Perforation due to foreign body accidentally left in body following heart catheterization, subsequent encounter",
      "password": "aV4+@|>gW%e"
    },
    {
      "firstname": "Roddy",
      "lastname": "Salkild",
      "username": "rsalkildk",
      "email": "rsalkildk@parallels.com",
      "avatar": "http://dummyimage.com/143x100.png/ff4444/ffffff",
      "dateOfBirth": "1991-10-08",
      "gender": "Male",
      "description": "Displaced fracture of neck of second metacarpal bone, left hand",
      "password": "sY2&nAf=iGl=UjZ"
    },
    {
      "firstname": "Cheston",
      "lastname": "Clementi",
      "username": "cclementil",
      "email": "cclementil@eventbrite.com",
      "avatar": "http://dummyimage.com/219x100.png/cc0000/ffffff",
      "dateOfBirth": "2001-06-08",
      "gender": "Agender",
      "description": "Term delivery with preterm labor, second trimester, fetus 3",
      "password": "sB7{ha}l5{)"
    },
    {
      "firstname": "Rowena",
      "lastname": "Kermannes",
      "username": "rkermannesm",
      "email": "rkermannesm@sakura.ne.jp",
      "avatar": "http://dummyimage.com/211x100.png/5fa2dd/ffffff",
      "dateOfBirth": "1993-08-03",
      "gender": "Female",
      "description": "Adverse effect of anticoagulants, initial encounter",
      "password": "eC4$uYaSDi"
    },
    {
      "firstname": "Sharona",
      "lastname": "Treswell",
      "username": "streswelln",
      "email": "streswelln@kickstarter.com",
      "avatar": "http://dummyimage.com/203x100.png/ff4444/ffffff",
      "dateOfBirth": "2000-02-28",
      "gender": "Female",
      "description": "Strain of unspecified Achilles tendon, initial encounter",
      "password": "bY6>+LKH1q)CpJZ"
    },
    {
      "firstname": "Fredericka",
      "lastname": "Shallow",
      "username": "fshallowo",
      "email": "fshallowo@whitehouse.gov",
      "avatar": "http://dummyimage.com/185x100.png/cc0000/ffffff",
      "dateOfBirth": "2000-07-07",
      "gender": "Female",
      "description": "Burn of unspecified degree of lower back, subsequent encounter",
      "password": "vJ0}KJEj2Lu~"
    },
    {
      "firstname": "Nikki",
      "lastname": "Kneal",
      "username": "nknealp",
      "email": "nknealp@blogspot.com",
      "avatar": "http://dummyimage.com/230x100.png/dddddd/000000",
      "dateOfBirth": "2000-01-17",
      "gender": "Female",
      "description": "Newborn affected by maternal anesthesia and analgesia in pregnancy, labor and delivery",
      "password": "tB4_W=4\"B6MtPtd"
    },
    {
      "firstname": "Nilson",
      "lastname": "Blewmen",
      "username": "nblewmenq",
      "email": "nblewmenq@webnode.com",
      "avatar": "http://dummyimage.com/159x100.png/ff4444/ffffff",
      "dateOfBirth": "1995-11-26",
      "gender": "Male",
      "description": "Other injury due to other accident to passenger ship, initial encounter",
      "password": "bF5)g|.}ABQlL"
    },
    {
      "firstname": "Laraine",
      "lastname": "Bourrel",
      "username": "lbourrelr",
      "email": "lbourrelr@cyberchimps.com",
      "avatar": "http://dummyimage.com/156x100.png/ff4444/ffffff",
      "dateOfBirth": "2000-06-10",
      "gender": "Genderqueer",
      "description": "Passenger of military vehicle injured in traffic accident, subsequent encounter",
      "password": "iB0?Z}A5M|4DFw"
    },
    {
      "firstname": "Batsheva",
      "lastname": "Summerskill",
      "username": "bsummerskills",
      "email": "bsummerskills@t.co",
      "avatar": "http://dummyimage.com/104x100.png/ff4444/ffffff",
      "dateOfBirth": "1996-01-26",
      "gender": "Female",
      "description": "Nondisplaced fracture of glenoid cavity of scapula, left shoulder, sequela",
      "password": "Aa12345@"
    },
    {
      "firstname": "Tallie",
      "lastname": "Ponter",
      "username": "tpontert",
      "email": "tpontert@geocities.com",
      "avatar": "http://dummyimage.com/148x100.png/dddddd/000000",
      "dateOfBirth": "1994-05-12",
      "gender": "Genderfluid",
      "description": "Puncture wound without foreign body, unspecified thigh, subsequent encounter",
      "password": "Huongax123@"
    },
    {
      "firstname": "admin",
      "lastname": "admin",
      "username": "admin",
      "email": "travip07@gmail.com",
      "avatar": "https://media.istockphoto.com/id/645926888/photo/time-spent-in-nature-is-never-wasted.jpg?s=612x612&w=0&k=20&c=RAciSutDEea80s_nhRUg43XdDwneisRyANCsI026I8M=",
      "dateOfBirth": "1993-01-01",
      "gender": "Female",
      "description": "Donec vulputate ipsum eu nulla condimentum, id pharetra lorem dapibus. Suspendisse at dolor id justo hendrerit sodales vel quis elit. Nulla ornare rutrum quam, ac aliquam purus iaculis facilisis. Donec efficitur felis pulvinar, lobortis odio sit amet, rutrum metus. Cras facilisis ultrices purus a volutpat. Aenean porta egestas dolor non dignissim. Phasellus sit amet posuere neque, et pretium eros. Nulla vitae blandit orci. Mauris faucibus non odio ut accumsan.",
      "password": "Travip07@"
    }
  ]
  